Girl_Hair,Hair 29,Accessory,Lollipop
Boy_Hair,Hair 34,Accessory,Lollipop
Boy_Hair,Hair 41,Accessory,Lollipop
Girl_Hair,Hair 30,Accessory,Earring
Girl_Hair,Hair 32,Accessory,Earring
Boy_Hair,Hair 37,Accessory,Earring
Girl_Hair,Hair 30,Accessory,Bell Earring
Girl_Hair,Hair 32,Accessory,Bell Earring
Boy_Hair,Hair 37,Accessory,Bell Earring
Girl_Hair,Hair 30,Accessory,Piercing
Girl_Hair,Hair 40,Accessory,Piercing
Boy_Hair,Hair 37,Accessory,Piercing
Boy_Hair,Hair 41,Accessory,Piercing
Girl_Hair,Hair 30,Accessory,Hair Clip
Girl_Hair,Hair 31,Accessory,Hair Clip
Girl_Hair,Hair 34,Accessory,Hair Clip
Girl_Hair,Hair 35,Accessory,Hair Clip
Girl_Hair,Hair 37,Accessory,Hair Clip
Girl_Hair,Hair 38,Accessory,Hair Clip
Girl_Hair,Hair 39,Accessory,Hair Clip
Girl_Hair,Hair 30,Accessory,Headphone 1
Girl_Hair,Hair 31,Accessory,Headphone 1
Girl_Hair,Hair 33,Accessory,Headphone 1
Girl_Hair,Hair 36,Accessory,Headphone 1
Girl_Hair,Hair 37,Accessory,Headphone 1
Girl_Hair,Hair 41,Accessory,Headphone 1
Boy_Hair,Hair 35,Accessory,Headphone 1
Boy_Hair,Hair 36,Accessory,Headphone 1
Boy_Hair,Hair 37,Accessory,Headphone 1
Boy_Hair,Hair 39,Accessory,Headphone 1
Boy_Hair,Hair 42,Accessory,Headphone 1
Boy_Hair,Hair 44,Accessory,Headphone 1
Boy_Hair,Hair 46,Accessory,Headphone 1
Boy_Hair,Hair 48,Accessory,Headphone 1
Girl_Hair,Hair 30,Accessory,Headphone 2
Girl_Hair,Hair 31,Accessory,Headphone 2
Girl_Hair,Hair 33,Accessory,Headphone 2
Girl_Hair,Hair 36,Accessory,Headphone 2
Girl_Hair,Hair 37,Accessory,Headphone 2
Girl_Hair,Hair 41,Accessory,Headphone 2
Boy_Hair,Hair 35,Accessory,Headphone 2
Boy_Hair,Hair 36,Accessory,Headphone 2
Boy_Hair,Hair 37,Accessory,Headphone 2
Boy_Hair,Hair 39,Accessory,Headphone 2
Boy_Hair,Hair 42,Accessory,Headphone 2
Boy_Hair,Hair 44,Accessory,Headphone 2
Boy_Hair,Hair 46,Accessory,Headphone 2
Boy_Hair,Hair 48,Accessory,Headphone 2
Girl_Hair,Hair 30,Accessory,Headphone 3
Girl_Hair,Hair 31,Accessory,Headphone 3
Girl_Hair,Hair 32,Accessory,Headphone 3
Girl_Hair,Hair 34,Accessory,Headphone 3
Girl_Hair,Hair 36,Accessory,Headphone 3
Girl_Hair,Hair 38,Accessory,Headphone 3
Girl_Hair,Hair 40,Accessory,Headphone 3
Girl_Hair,Hair 41,Accessory,Headphone 3
Girl_Hair,Hair 42,Accessory,Headphone 3
Boy_Hair,Hair 35,Accessory,Headphone 3
Boy_Hair,Hair 36,Accessory,Headphone 3
Boy_Hair,Hair 37,Accessory,Headphone 3
Boy_Hair,Hair 43,Accessory,Headphone 3
Boy_Hair,Hair 44,Accessory,Headphone 3
Boy_Hair,Hair 46,Accessory,Headphone 3
Boy_Hair,Hair 48,Accessory,Headphone 3
Girl_Hair,Hair 30,Accessory,Flower 1
Girl_Hair,Hair 40,Accessory,Flower 1
Boy_Hair,Hair 37,Accessory,Flower 1
Boy_Hair,Hair 41,Accessory,Flower 1
Girl_Hair,Hair 30,Accessory,Flower 2
Girl_Hair,Hair 31,Accessory,Flower 2
Girl_Hair,Hair 33,Accessory,Flower 2
Girl_Hair,Hair 35,Accessory,Flower 2
Girl_Hair,Hair 36,Accessory,Flower 2
Girl_Hair,Hair 37,Accessory,Flower 2
Girl_Hair,Hair 40,Accessory,Flower 2
Boy_Hair,Hair 37,Accessory,Flower 2
Boy_Hair,Hair 38,Accessory,Flower 2
Boy_Hair,Hair 41,Accessory,Flower 2
Girl_Hair,Hair 30,Accessory,Flower 3
Girl_Hair,Hair 35,Accessory,Flower 3
Girl_Hair,Hair 37,Accessory,Flower 3
Girl_Hair,Hair 40,Accessory,Flower 3
Boy_Hair,Hair 37,Accessory,Flower 3
Boy_Hair,Hair 38,Accessory,Flower 3
Boy_Hair,Hair 41,Accessory,Flower 3
Girl_Hair,Hair 30,Accessory,Flower 4
Girl_Hair,Hair 34,Accessory,Flower 4
Girl_Hair,Hair 37,Accessory,Flower 4
Girl_Hair,Hair 38,Accessory,Flower 4
Girl_Hair,Hair 39,Accessory,Flower 4
Boy_Hair,Hair 33,Accessory,Flower 4
Boy_Hair,Hair 34,Accessory,Flower 4
Boy_Hair,Hair 35,Accessory,Flower 4
Boy_Hair,Hair 37,Accessory,Flower 4
Boy_Hair,Hair 38,Accessory,Flower 4
Boy_Hair,Hair 39,Accessory,Flower 4
Boy_Hair,Hair 41,Accessory,Flower 4
Boy_Hair,Hair 42,Accessory,Flower 4
Boy_Hair,Hair 45,Accessory,Flower 4
Boy_Hair,Hair 47,Accessory,Flower 4
Boy_Hair,Hair 48,Accessory,Flower 4
Girl_Hair,Hair 30,Accessory,Gift Bow
Girl_Hair,Hair 31,Accessory,Gift Bow
Girl_Hair,Hair 34,Accessory,Gift Bow
Girl_Hair,Hair 37,Accessory,Gift Bow
Girl_Hair,Hair 38,Accessory,Gift Bow
Girl_Hair,Hair 39,Accessory,Gift Bow
Boy_Hair,Hair 33,Accessory,Gift Bow
Boy_Hair,Hair 34,Accessory,Gift Bow
Boy_Hair,Hair 35,Accessory,Gift Bow
Boy_Hair,Hair 37,Accessory,Gift Bow
Boy_Hair,Hair 39,Accessory,Gift Bow
Boy_Hair,Hair 42,Accessory,Gift Bow
Boy_Hair,Hair 45,Accessory,Gift Bow
Boy_Hair,Hair 47,Accessory,Gift Bow
Boy_Hair,Hair 48,Accessory,Gift Bow
Girl_Hair,Hair 36,Accessory,Horn 1
Girl_Hair,Hair 39,Accessory,Horn 1
Boy_Hair,Hair 37,Accessory,Horn 1
Boy_Hair,Hair 39,Accessory,Horn 1
Boy_Hair,Hair 47,Accessory,Horn 1
Girl_Hair,Hair 30,Accessory,Horn 2
Girl_Hair,Hair 31,Accessory,Horn 2
Girl_Hair,Hair 36,Accessory,Horn 2
Girl_Hair,Hair 39,Accessory,Horn 2
Girl_Hair,Hair 40,Accessory,Horn 2
Boy_Hair,Hair 37,Accessory,Horn 2
Boy_Hair,Hair 39,Accessory,Horn 2
Boy_Hair,Hair 47,Accessory,Horn 2
Boy_Hair,Hair 48,Accessory,Horn 2
Girl_Hair,Hair 33,Accessory,Arrow
Girl_Hair,Hair 39,Accessory,Arrow
Boy_Hair,Hair 39,Accessory,Mask 1
Boy_Hair,Hair 48,Accessory,Mask 1
Girl_Hair,Hair 30,Accessory,Mask 2
Girl_Hair,Hair 31,Accessory,Mask 2
Boy_Hair,Hair 35,Accessory,Mask 2
Boy_Hair,Hair 37,Accessory,Mask 2
Boy_Hair,Hair 39,Accessory,Mask 2
Boy_Hair,Hair 42,Accessory,Mask 2
Boy_Hair,Hair 45,Accessory,Mask 2
Boy_Hair,Hair 46,Accessory,Mask 2
Boy_Hair,Hair 47,Accessory,Mask 2
Girl_Hair,Hair 30,Accessory,Egg
Girl_Hair,Hair 31,Accessory,Egg
Girl_Hair,Hair 33,Accessory,Egg
Boy_Hair,Hair 35,Accessory,Egg
Boy_Hair,Hair 37,Accessory,Egg
Boy_Hair,Hair 43,Accessory,Egg
Boy_Hair,Hair 46,Accessory,Egg
Boy_Hair,Hair 47,Accessory,Egg
Girl_Hair,Hair 33,Accessory,Top Hat
Girl_Hair,Hair 39,Accessory,Top Hat
Girl_Hair,Hair 30,Accessory,Cap
Girl_Hair,Hair 31,Accessory,Cap
Girl_Hair,Hair 33,Accessory,Cap
Girl_Hair,Hair 36,Accessory,Cap
Girl_Hair,Hair 38,Accessory,Cap
Girl_Hair,Hair 39,Accessory,Cap
Girl_Hair,Hair 40,Accessory,Cap
Boy_Hair,Hair 35,Accessory,Cap
Boy_Hair,Hair 37,Accessory,Cap
Boy_Hair,Hair 39,Accessory,Cap
Boy_Hair,Hair 46,Accessory,Cap
Boy_Hair,Hair 47,Accessory,Cap
Girl_Hair,Hair 30,Accessory,Witch Hat
Girl_Hair,Hair 33,Accessory,Witch Hat
Girl_Hair,Hair 36,Accessory,Witch Hat
Girl_Hair,Hair 38,Accessory,Witch Hat
Girl_Hair,Hair 39,Accessory,Witch Hat
Boy_Hair,Hair 35,Accessory,Witch Hat
Boy_Hair,Hair 37,Accessory,Witch Hat
Boy_Hair,Hair 39,Accessory,Witch Hat
Boy_Hair,Hair 42,Accessory,Witch Hat
Boy_Hair,Hair 46,Accessory,Witch Hat
Boy_Hair,Hair 47,Accessory,Witch Hat
Boy_Hair,Hair 48,Accessory,Witch Hat
Girl_Hair,Hair 33,Accessory,Beret
Girl_Hair,Hair 36,Accessory,Beret
Girl_Hair,Hair 39,Accessory,Beret
Boy_Hair,Hair 35,Accessory,Beret
Boy_Hair,Hair 39,Accessory,Beret
Boy_Hair,Hair 45,Accessory,Beret
Boy_Hair,Hair 46,Accessory,Beret
Girl_Hair,Hair 30,Accessory,Viking Helmet
Girl_Hair,Hair 33,Accessory,Viking Helmet
Girl_Hair,Hair 36,Accessory,Viking Helmet
Girl_Hair,Hair 38,Accessory,Viking Helmet
Girl_Hair,Hair 39,Accessory,Viking Helmet
Boy_Hair,Hair 39,Accessory,Viking Helmet
Boy_Hair,Hair 47,Accessory,Viking Helmet
Boy_Hair,Hair 48,Accessory,Viking Helmet
Girl_Hair,Hair 33,Accessory,Crown 1
Boy_Hair,Hair 39,Accessory,Crown 1
Girl_Hair,Hair 33,Accessory,Crown 2
Boy_Hair,Hair 35,Accessory,Crown 2
Boy_Hair,Hair 39,Accessory,Crown 2
Girl_Hair,Hair 33,Accessory,Crown 3
Boy_Hair,Hair 35,Accessory,Crown 3
Girl_Hair,Hair 30,Accessory,Squirrel
Girl_Hair,Hair 31,Accessory,Squirrel
Girl_Hair,Hair 33,Accessory,Squirrel
Girl_Hair,Hair 36,Accessory,Squirrel
Girl_Hair,Hair 40,Accessory,Squirrel
Girl_Hair,Hair 41,Accessory,Squirrel
Boy_Hair,Hair 35,Accessory,Squirrel
Boy_Hair,Hair 36,Accessory,Squirrel
Boy_Hair,Hair 37,Accessory,Squirrel
Boy_Hair,Hair 39,Accessory,Squirrel
Boy_Hair,Hair 46,Accessory,Squirrel
Boy_Hair,Hair 47,Accessory,Squirrel
Girl_Hair,Hair 30,Accessory,Glasses 1
Girl_Hair,Hair 31,Accessory,Glasses 1
Girl_Hair,Hair 32,Accessory,Glasses 1
Girl_Hair,Hair 33,Accessory,Glasses 1
Girl_Hair,Hair 35,Accessory,Glasses 1
Girl_Hair,Hair 36,Accessory,Glasses 1
Girl_Hair,Hair 37,Accessory,Glasses 1
Girl_Hair,Hair 41,Accessory,Glasses 1
Boy_Hair,Hair 34,Accessory,Glasses 1
Boy_Hair,Hair 37,Accessory,Glasses 1
Boy_Hair,Hair 38,Accessory,Glasses 1
Boy_Hair,Hair 40,Accessory,Glasses 1
Boy_Hair,Hair 41,Accessory,Glasses 1
Boy_Hair,Hair 44,Accessory,Glasses 1
Girl_Hair,Hair 30,Accessory,Glasses 2
Girl_Hair,Hair 31,Accessory,Glasses 2
Girl_Hair,Hair 32,Accessory,Glasses 2
Girl_Hair,Hair 33,Accessory,Glasses 2
Girl_Hair,Hair 35,Accessory,Glasses 2
Girl_Hair,Hair 36,Accessory,Glasses 2
Girl_Hair,Hair 37,Accessory,Glasses 2
Girl_Hair,Hair 39,Accessory,Glasses 2
Girl_Hair,Hair 40,Accessory,Glasses 2
Girl_Hair,Hair 41,Accessory,Glasses 2
Boy_Hair,Hair 34,Accessory,Glasses 2
Boy_Hair,Hair 37,Accessory,Glasses 2
Boy_Hair,Hair 38,Accessory,Glasses 2
Boy_Hair,Hair 39,Accessory,Glasses 2
Boy_Hair,Hair 41,Accessory,Glasses 2
Boy_Hair,Hair 47,Accessory,Glasses 2
Girl_Hair,Hair 30,Accessory,Glasses 3
Girl_Hair,Hair 31,Accessory,Glasses 3
Girl_Hair,Hair 32,Accessory,Glasses 3
Girl_Hair,Hair 33,Accessory,Glasses 3
Girl_Hair,Hair 35,Accessory,Glasses 3
Girl_Hair,Hair 36,Accessory,Glasses 3
Girl_Hair,Hair 37,Accessory,Glasses 3
Girl_Hair,Hair 39,Accessory,Glasses 3
Girl_Hair,Hair 40,Accessory,Glasses 3
Girl_Hair,Hair 41,Accessory,Glasses 3
Boy_Hair,Hair 34,Accessory,Glasses 3
Boy_Hair,Hair 37,Accessory,Glasses 3
Boy_Hair,Hair 38,Accessory,Glasses 3
Boy_Hair,Hair 39,Accessory,Glasses 3
Boy_Hair,Hair 41,Accessory,Glasses 3
Boy_Hair,Hair 47,Accessory,Glasses 3
Girl_Hair,Hair 30,Accessory,Glasses 4
Girl_Hair,Hair 31,Accessory,Glasses 4
Girl_Hair,Hair 32,Accessory,Glasses 4
Girl_Hair,Hair 33,Accessory,Glasses 4
Girl_Hair,Hair 35,Accessory,Glasses 4
Girl_Hair,Hair 36,Accessory,Glasses 4
Girl_Hair,Hair 37,Accessory,Glasses 4
Girl_Hair,Hair 39,Accessory,Glasses 4
Girl_Hair,Hair 40,Accessory,Glasses 4
Girl_Hair,Hair 41,Accessory,Glasses 4
Boy_Hair,Hair 34,Accessory,Glasses 4
Boy_Hair,Hair 37,Accessory,Glasses 4
Boy_Hair,Hair 38,Accessory,Glasses 4
Boy_Hair,Hair 39,Accessory,Glasses 4
Boy_Hair,Hair 41,Accessory,Glasses 4
Boy_Hair,Hair 44,Accessory,Glasses 4
Boy_Hair,Hair 47,Accessory,Glasses 4
Girl_Hair,Hair 35,Accessory,Monocle
Boy_Hair,Hair 34,Accessory,Monocle
Boy_Hair,Hair 38,Accessory,Monocle
Boy_Hair,Hair 39,Accessory,Monocle
Boy_Hair,Hair 41,Accessory,Monocle
Boy_Hair,Hair 47,Accessory,Monocle
Girl_Hair,Hair 32,Accessory,Necklace 1
Girl_Hair,Hair 36,Accessory,Necklace 1
Girl_Hair,Hair 32,Accessory,Necklace 2
Girl_Hair,Hair 36,Accessory,Necklace 2
Girl_Hair,Hair 32,Accessory,Necklace 3
Girl_Hair,Hair 36,Accessory,Necklace 3
Girl_Hair,Hair 32,Accessory,Necklace 4
Girl_Hair,Hair 36,Accessory,Necklace 4
Girl_Hair,Hair 32,Accessory,Necklace 5
Girl_Hair,Hair 36,Accessory,Necklace 5
Girl_Hair,Hair 32,Accessory,Necklace 6
Girl_Hair,Hair 36,Accessory,Necklace 6
Girl_Hair,Hair 32,Accessory,Necklace 7
Girl_Hair,Hair 36,Accessory,Necklace 7
Girl_Hair,Hair 32,Accessory,Necklace 8
Girl_Hair,Hair 36,Accessory,Necklace 8
Girl_Hair,Hair 32,Accessory,Necklace 9
Girl_Hair,Hair 36,Accessory,Necklace 9
Boy_Face,Boy 1,Accessory,Hair Clip
Boy_Face,Boy 2,Accessory,Hair Clip
Boy_Face,Boy 3,Accessory,Hair Clip
Boy_Face,Boy 4,Accessory,Hair Clip
Boy_Face,Boy 5,Accessory,Hair Clip
Boy_Face,Boy 6,Accessory,Hair Clip
Boy_Face,Boy 1,Accessory,Necklace 1
Boy_Face,Boy 2,Accessory,Necklace 1
Boy_Face,Boy 3,Accessory,Necklace 1
Boy_Face,Boy 4,Accessory,Necklace 1
Boy_Face,Boy 5,Accessory,Necklace 1
Boy_Face,Boy 6,Accessory,Necklace 1
Boy_Face,Boy 1,Accessory,Necklace 2
Boy_Face,Boy 2,Accessory,Necklace 2
Boy_Face,Boy 3,Accessory,Necklace 2
Boy_Face,Boy 4,Accessory,Necklace 2
Boy_Face,Boy 5,Accessory,Necklace 2
Boy_Face,Boy 6,Accessory,Necklace 2
Boy_Face,Boy 1,Accessory,Necklace 3
Boy_Face,Boy 2,Accessory,Necklace 3
Boy_Face,Boy 3,Accessory,Necklace 3
Boy_Face,Boy 4,Accessory,Necklace 3
Boy_Face,Boy 5,Accessory,Necklace 3
Boy_Face,Boy 6,Accessory,Necklace 3
Boy_Face,Boy 1,Accessory,Necklace 4
Boy_Face,Boy 2,Accessory,Necklace 4
Boy_Face,Boy 3,Accessory,Necklace 4
Boy_Face,Boy 4,Accessory,Necklace 4
Boy_Face,Boy 5,Accessory,Necklace 4
Boy_Face,Boy 6,Accessory,Necklace 4
Boy_Face,Boy 1,Accessory,Necklace 5
Boy_Face,Boy 2,Accessory,Necklace 5
Boy_Face,Boy 3,Accessory,Necklace 5
Boy_Face,Boy 4,Accessory,Necklace 5
Boy_Face,Boy 5,Accessory,Necklace 5
Boy_Face,Boy 6,Accessory,Necklace 5
Boy_Face,Boy 1,Accessory,Necklace 6
Boy_Face,Boy 2,Accessory,Necklace 6
Boy_Face,Boy 3,Accessory,Necklace 6
Boy_Face,Boy 4,Accessory,Necklace 6
Boy_Face,Boy 5,Accessory,Necklace 6
Boy_Face,Boy 6,Accessory,Necklace 6
Boy_Face,Boy 1,Accessory,Necklace 7
Boy_Face,Boy 2,Accessory,Necklace 7
Boy_Face,Boy 3,Accessory,Necklace 7
Boy_Face,Boy 4,Accessory,Necklace 7
Boy_Face,Boy 5,Accessory,Necklace 7
Boy_Face,Boy 6,Accessory,Necklace 7
Boy_Face,Boy 1,Accessory,Necklace 8
Boy_Face,Boy 2,Accessory,Necklace 8
Boy_Face,Boy 3,Accessory,Necklace 8
Boy_Face,Boy 4,Accessory,Necklace 8
Boy_Face,Boy 5,Accessory,Necklace 8
Boy_Face,Boy 6,Accessory,Necklace 8
Boy_Face,Boy 1,Accessory,Necklace 9
Boy_Face,Boy 2,Accessory,Necklace 9
Boy_Face,Boy 3,Accessory,Necklace 9
Boy_Face,Boy 4,Accessory,Necklace 9
Boy_Face,Boy 5,Accessory,Necklace 9
Boy_Face,Boy 6,Accessory,Necklace 9
Boy_Face,Boy 1,Mouth,Mouth 13
Boy_Face,Boy 2,Mouth,Mouth 13
Boy_Face,Boy 4,Mouth,Mouth 13
Boy_Face,Boy 5,Mouth,Mouth 13
Boy_Face,Boy 6,Mouth,Mouth 13
Boy_Hair,Hair 2,Accessory,Lollipop
Boy_Hair,Hair 9,Accessory,Lollipop
Boy_Hair,Hair 5,Accessory,Earring
Boy_Hair,Hair 5,Accessory,Bell Earring
Boy_Hair,Hair 5,Accessory,Piercing
Boy_Hair,Hair 9,Accessory,Piercing
Boy_Hair,Hair 3,Accessory,Headphone 1
Boy_Hair,Hair 4,Accessory,Headphone 1
Boy_Hair,Hair 5,Accessory,Headphone 1
Boy_Hair,Hair 7,Accessory,Headphone 1
Boy_Hair,Hair 10,Accessory,Headphone 1
Boy_Hair,Hair 12,Accessory,Headphone 1
Boy_Hair,Hair 14,Accessory,Headphone 1
Boy_Hair,Hair 16,Accessory,Headphone 1
Boy_Hair,Hair 3,Accessory,Headphone 2
Boy_Hair,Hair 4,Accessory,Headphone 2
Boy_Hair,Hair 5,Accessory,Headphone 2
Boy_Hair,Hair 7,Accessory,Headphone 2
Boy_Hair,Hair 10,Accessory,Headphone 2
Boy_Hair,Hair 12,Accessory,Headphone 2
Boy_Hair,Hair 14,Accessory,Headphone 2
Boy_Hair,Hair 16,Accessory,Headphone 2
Boy_Hair,Hair 3,Accessory,Headphone 3
Boy_Hair,Hair 4,Accessory,Headphone 3
Boy_Hair,Hair 5,Accessory,Headphone 3
Boy_Hair,Hair 11,Accessory,Headphone 3
Boy_Hair,Hair 12,Accessory,Headphone 3
Boy_Hair,Hair 14,Accessory,Headphone 3
Boy_Hair,Hair 16,Accessory,Headphone 3
Boy_Hair,Hair 5,Accessory,Flower 1
Boy_Hair,Hair 9,Accessory,Flower 1
Boy_Hair,Hair 5,Accessory,Flower 2
Boy_Hair,Hair 6,Accessory,Flower 2
Boy_Hair,Hair 9,Accessory,Flower 2
Boy_Hair,Hair 5,Accessory,Flower 3
Boy_Hair,Hair 6,Accessory,Flower 3
Boy_Hair,Hair 9,Accessory,Flower 3
Boy_Hair,Hair 1,Accessory,Flower 4
Boy_Hair,Hair 2,Accessory,Flower 4
Boy_Hair,Hair 3,Accessory,Flower 4
Boy_Hair,Hair 5,Accessory,Flower 4
Boy_Hair,Hair 6,Accessory,Flower 4
Boy_Hair,Hair 7,Accessory,Flower 4
Boy_Hair,Hair 9,Accessory,Flower 4
Boy_Hair,Hair 10,Accessory,Flower 4
Boy_Hair,Hair 13,Accessory,Flower 4
Boy_Hair,Hair 15,Accessory,Flower 4
Boy_Hair,Hair 16,Accessory,Flower 4
Boy_Hair,Hair 1,Accessory,Gift Bow
Boy_Hair,Hair 2,Accessory,Gift Bow
Boy_Hair,Hair 3,Accessory,Gift Bow
Boy_Hair,Hair 5,Accessory,Gift Bow
Boy_Hair,Hair 7,Accessory,Gift Bow
Boy_Hair,Hair 10,Accessory,Gift Bow
Boy_Hair,Hair 13,Accessory,Gift Bow
Boy_Hair,Hair 15,Accessory,Gift Bow
Boy_Hair,Hair 16,Accessory,Gift Bow
Boy_Hair,Hair 5,Accessory,Horn 1
Boy_Hair,Hair 7,Accessory,Horn 1
Boy_Hair,Hair 15,Accessory,Horn 1
Boy_Hair,Hair 5,Accessory,Horn 2
Boy_Hair,Hair 7,Accessory,Horn 2
Boy_Hair,Hair 15,Accessory,Horn 2
Boy_Hair,Hair 16,Accessory,Horn 2
Boy_Hair,Hair 7,Accessory,Mask 1
Boy_Hair,Hair 16,Accessory,Mask 1
Boy_Hair,Hair 3,Accessory,Mask 2
Boy_Hair,Hair 5,Accessory,Mask 2
Boy_Hair,Hair 7,Accessory,Mask 2
Boy_Hair,Hair 10,Accessory,Mask 2
Boy_Hair,Hair 13,Accessory,Mask 2
Boy_Hair,Hair 14,Accessory,Mask 2
Boy_Hair,Hair 15,Accessory,Mask 2
Boy_Hair,Hair 3,Accessory,Egg
Boy_Hair,Hair 5,Accessory,Egg
Boy_Hair,Hair 11,Accessory,Egg
Boy_Hair,Hair 14,Accessory,Egg
Boy_Hair,Hair 15,Accessory,Egg
Boy_Hair,Hair 3,Accessory,Cap
Boy_Hair,Hair 5,Accessory,Cap
Boy_Hair,Hair 7,Accessory,Cap
Boy_Hair,Hair 14,Accessory,Cap
Boy_Hair,Hair 15,Accessory,Cap
Boy_Hair,Hair 3,Accessory,Witch Hat
Boy_Hair,Hair 5,Accessory,Witch Hat
Boy_Hair,Hair 7,Accessory,Witch Hat
Boy_Hair,Hair 10,Accessory,Witch Hat
Boy_Hair,Hair 14,Accessory,Witch Hat
Boy_Hair,Hair 15,Accessory,Witch Hat
Boy_Hair,Hair 16,Accessory,Witch Hat
Boy_Hair,Hair 3,Accessory,Beret
Boy_Hair,Hair 7,Accessory,Beret
Boy_Hair,Hair 13,Accessory,Beret
Boy_Hair,Hair 14,Accessory,Beret
Boy_Hair,Hair 7,Accessory,Viking Helmet
Boy_Hair,Hair 15,Accessory,Viking Helmet
Boy_Hair,Hair 16,Accessory,Viking Helmet
Boy_Hair,Hair 7,Accessory,Crown 1
Boy_Hair,Hair 3,Accessory,Crown 2
Boy_Hair,Hair 7,Accessory,Crown 2
Boy_Hair,Hair 3,Accessory,Crown 3
Boy_Hair,Hair 3,Accessory,Squirrel
Boy_Hair,Hair 4,Accessory,Squirrel
Boy_Hair,Hair 5,Accessory,Squirrel
Boy_Hair,Hair 7,Accessory,Squirrel
Boy_Hair,Hair 14,Accessory,Squirrel
Boy_Hair,Hair 15,Accessory,Squirrel
Boy_Hair,Hair 2,Accessory,Glasses 1
Boy_Hair,Hair 5,Accessory,Glasses 1
Boy_Hair,Hair 6,Accessory,Glasses 1
Boy_Hair,Hair 8,Accessory,Glasses 1
Boy_Hair,Hair 9,Accessory,Glasses 1
Boy_Hair,Hair 12,Accessory,Glasses 1
Boy_Hair,Hair 2,Accessory,Glasses 2
Boy_Hair,Hair 5,Accessory,Glasses 2
Boy_Hair,Hair 6,Accessory,Glasses 2
Boy_Hair,Hair 7,Accessory,Glasses 2
Boy_Hair,Hair 9,Accessory,Glasses 2
Boy_Hair,Hair 15,Accessory,Glasses 2
Boy_Hair,Hair 2,Accessory,Glasses 3
Boy_Hair,Hair 5,Accessory,Glasses 3
Boy_Hair,Hair 6,Accessory,Glasses 3
Boy_Hair,Hair 7,Accessory,Glasses 3
Boy_Hair,Hair 9,Accessory,Glasses 3
Boy_Hair,Hair 15,Accessory,Glasses 3
Boy_Hair,Hair 2,Accessory,Glasses 4
Boy_Hair,Hair 5,Accessory,Glasses 4
Boy_Hair,Hair 6,Accessory,Glasses 4
Boy_Hair,Hair 7,Accessory,Glasses 4
Boy_Hair,Hair 9,Accessory,Glasses 4
Boy_Hair,Hair 12,Accessory,Glasses 4
Boy_Hair,Hair 15,Accessory,Glasses 4
Boy_Hair,Hair 2,Accessory,Monocle
Boy_Hair,Hair 6,Accessory,Monocle
Boy_Hair,Hair 7,Accessory,Monocle
Boy_Hair,Hair 9,Accessory,Monocle
Boy_Hair,Hair 15,Accessory,Monocle
Boy_Hair,Hair 18,Accessory,Lollipop
Boy_Hair,Hair 25,Accessory,Lollipop
Boy_Hair,Hair 21,Accessory,Earring
Boy_Hair,Hair 21,Accessory,Bell Earring
Boy_Hair,Hair 21,Accessory,Piercing
Boy_Hair,Hair 25,Accessory,Piercing
Boy_Hair,Hair 19,Accessory,Headphone 1
Boy_Hair,Hair 20,Accessory,Headphone 1
Boy_Hair,Hair 21,Accessory,Headphone 1
Boy_Hair,Hair 23,Accessory,Headphone 1
Boy_Hair,Hair 26,Accessory,Headphone 1
Boy_Hair,Hair 28,Accessory,Headphone 1
Boy_Hair,Hair 30,Accessory,Headphone 1
Boy_Hair,Hair 32,Accessory,Headphone 1
Boy_Hair,Hair 19,Accessory,Headphone 2
Boy_Hair,Hair 20,Accessory,Headphone 2
Boy_Hair,Hair 21,Accessory,Headphone 2
Boy_Hair,Hair 23,Accessory,Headphone 2
Boy_Hair,Hair 26,Accessory,Headphone 2
Boy_Hair,Hair 28,Accessory,Headphone 2
Boy_Hair,Hair 30,Accessory,Headphone 2
Boy_Hair,Hair 32,Accessory,Headphone 2
Boy_Hair,Hair 19,Accessory,Headphone 3
Boy_Hair,Hair 20,Accessory,Headphone 3
Boy_Hair,Hair 21,Accessory,Headphone 3
Boy_Hair,Hair 27,Accessory,Headphone 3
Boy_Hair,Hair 28,Accessory,Headphone 3
Boy_Hair,Hair 30,Accessory,Headphone 3
Boy_Hair,Hair 32,Accessory,Headphone 3
Boy_Hair,Hair 21,Accessory,Flower 1
Boy_Hair,Hair 25,Accessory,Flower 1
Boy_Hair,Hair 21,Accessory,Flower 2
Boy_Hair,Hair 22,Accessory,Flower 2
Boy_Hair,Hair 25,Accessory,Flower 2
Boy_Hair,Hair 21,Accessory,Flower 3
Boy_Hair,Hair 22,Accessory,Flower 3
Boy_Hair,Hair 25,Accessory,Flower 3
Boy_Hair,Hair 17,Accessory,Flower 4
Boy_Hair,Hair 18,Accessory,Flower 4
Boy_Hair,Hair 19,Accessory,Flower 4
Boy_Hair,Hair 21,Accessory,Flower 4
Boy_Hair,Hair 22,Accessory,Flower 4
Boy_Hair,Hair 23,Accessory,Flower 4
Boy_Hair,Hair 25,Accessory,Flower 4
Boy_Hair,Hair 26,Accessory,Flower 4
Boy_Hair,Hair 29,Accessory,Flower 4
Boy_Hair,Hair 31,Accessory,Flower 4
Boy_Hair,Hair 32,Accessory,Flower 4
Boy_Hair,Hair 17,Accessory,Gift Bow
Boy_Hair,Hair 18,Accessory,Gift Bow
Boy_Hair,Hair 19,Accessory,Gift Bow
Boy_Hair,Hair 21,Accessory,Gift Bow
Boy_Hair,Hair 23,Accessory,Gift Bow
Boy_Hair,Hair 26,Accessory,Gift Bow
Boy_Hair,Hair 29,Accessory,Gift Bow
Boy_Hair,Hair 31,Accessory,Gift Bow
Boy_Hair,Hair 32,Accessory,Gift Bow
Boy_Hair,Hair 21,Accessory,Horn 1
Boy_Hair,Hair 23,Accessory,Horn 1
Boy_Hair,Hair 31,Accessory,Horn 1
Boy_Hair,Hair 21,Accessory,Horn 2
Boy_Hair,Hair 23,Accessory,Horn 2
Boy_Hair,Hair 31,Accessory,Horn 2
Boy_Hair,Hair 32,Accessory,Horn 2
Boy_Hair,Hair 23,Accessory,Mask 1
Boy_Hair,Hair 32,Accessory,Mask 1
Boy_Hair,Hair 19,Accessory,Mask 2
Boy_Hair,Hair 21,Accessory,Mask 2
Boy_Hair,Hair 23,Accessory,Mask 2
Boy_Hair,Hair 26,Accessory,Mask 2
Boy_Hair,Hair 29,Accessory,Mask 2
Boy_Hair,Hair 30,Accessory,Mask 2
Boy_Hair,Hair 31,Accessory,Mask 2
Boy_Hair,Hair 19,Accessory,Egg
Boy_Hair,Hair 21,Accessory,Egg
Boy_Hair,Hair 27,Accessory,Egg
Boy_Hair,Hair 30,Accessory,Egg
Boy_Hair,Hair 31,Accessory,Egg
Boy_Hair,Hair 19,Accessory,Cap
Boy_Hair,Hair 21,Accessory,Cap
Boy_Hair,Hair 23,Accessory,Cap
Boy_Hair,Hair 30,Accessory,Cap
Boy_Hair,Hair 31,Accessory,Cap
Boy_Hair,Hair 19,Accessory,Witch Hat
Boy_Hair,Hair 21,Accessory,Witch Hat
Boy_Hair,Hair 23,Accessory,Witch Hat
Boy_Hair,Hair 26,Accessory,Witch Hat
Boy_Hair,Hair 30,Accessory,Witch Hat
Boy_Hair,Hair 31,Accessory,Witch Hat
Boy_Hair,Hair 32,Accessory,Witch Hat
Boy_Hair,Hair 19,Accessory,Beret
Boy_Hair,Hair 23,Accessory,Beret
Boy_Hair,Hair 29,Accessory,Beret
Boy_Hair,Hair 30,Accessory,Beret
Boy_Hair,Hair 23,Accessory,Viking Helmet
Boy_Hair,Hair 31,Accessory,Viking Helmet
Boy_Hair,Hair 32,Accessory,Viking Helmet
Boy_Hair,Hair 23,Accessory,Crown 1
Boy_Hair,Hair 19,Accessory,Crown 2
Boy_Hair,Hair 23,Accessory,Crown 2
Boy_Hair,Hair 19,Accessory,Crown 3
Boy_Hair,Hair 19,Accessory,Squirrel
Boy_Hair,Hair 20,Accessory,Squirrel
Boy_Hair,Hair 21,Accessory,Squirrel
Boy_Hair,Hair 23,Accessory,Squirrel
Boy_Hair,Hair 30,Accessory,Squirrel
Boy_Hair,Hair 31,Accessory,Squirrel
Boy_Hair,Hair 18,Accessory,Glasses 1
Boy_Hair,Hair 21,Accessory,Glasses 1
Boy_Hair,Hair 22,Accessory,Glasses 1
Boy_Hair,Hair 24,Accessory,Glasses 1
Boy_Hair,Hair 25,Accessory,Glasses 1
Boy_Hair,Hair 28,Accessory,Glasses 1
Boy_Hair,Hair 18,Accessory,Glasses 2
Boy_Hair,Hair 21,Accessory,Glasses 2
Boy_Hair,Hair 22,Accessory,Glasses 2
Boy_Hair,Hair 23,Accessory,Glasses 2
Boy_Hair,Hair 25,Accessory,Glasses 2
Boy_Hair,Hair 31,Accessory,Glasses 2
Boy_Hair,Hair 18,Accessory,Glasses 3
Boy_Hair,Hair 21,Accessory,Glasses 3
Boy_Hair,Hair 22,Accessory,Glasses 3
Boy_Hair,Hair 23,Accessory,Glasses 3
Boy_Hair,Hair 25,Accessory,Glasses 3
Boy_Hair,Hair 31,Accessory,Glasses 3
Boy_Hair,Hair 18,Accessory,Glasses 4
Boy_Hair,Hair 21,Accessory,Glasses 4
Boy_Hair,Hair 22,Accessory,Glasses 4
Boy_Hair,Hair 23,Accessory,Glasses 4
Boy_Hair,Hair 25,Accessory,Glasses 4
Boy_Hair,Hair 28,Accessory,Glasses 4
Boy_Hair,Hair 31,Accessory,Glasses 4
Boy_Hair,Hair 18,Accessory,Monocle
Boy_Hair,Hair 22,Accessory,Monocle
Boy_Hair,Hair 23,Accessory,Monocle
Boy_Hair,Hair 25,Accessory,Monocle
Boy_Hair,Hair 31,Accessory,Monocle
Face Accessory,Bandana,Girl_Hair,Hair 3
Face Accessory,Bandana,Girl_Hair,Hair 11
Face Accessory,Bandana,Girl_Hair,Hair 12
Face Accessory,Bandana,Boy_Hair,Hair 7
Face Accessory,Bandana,Boy_Hair,Hair 10
Face Accessory,Bandana,Boy_Hair,Hair 11
Face Accessory,Bandana,Boy_Hair,Hair 13
Face Accessory,Bandana,Boy_Hair,Hair 14
Face Accessory,Bandana,Boy_Hair,Hair 15
Face Accessory,Bandana,Boy_Hair,Hair 16
Face Accessory,Ace Spades,Girl_Hair,Hair 11
Face Accessory,Ace Spades,Boy_Hair,Hair 7
Face Accessory,Ace Spades,Boy_Hair,Hair 10
Face Accessory,Ace Spades,Boy_Hair,Hair 13
Face Accessory,Ace Spades,Boy_Hair,Hair 14
Face Accessory,Ace Spades,Boy_Hair,Hair 15
Face Accessory,Ace Spades,Boy_Hair,Hair 16
Face Accessory,Gauze,Mouth,Mouth 4
Face Accessory,Gauze,Mouth,Mouth 5
Face Accessory,Gauze,Mouth,Mouth 10
Face Accessory,Post it,Girl_Hair,Hair 8
Face Accessory,Bandana,Girl_Hair,Hair 17
Face Accessory,Bandana,Girl_Hair,Hair 25
Face Accessory,Bandana,Girl_Hair,Hair 26
Face Accessory,Bandana,Boy_Hair,Hair 23
Face Accessory,Bandana,Boy_Hair,Hair 26
Face Accessory,Bandana,Boy_Hair,Hair 27
Face Accessory,Bandana,Boy_Hair,Hair 29
Face Accessory,Bandana,Boy_Hair,Hair 30
Face Accessory,Bandana,Boy_Hair,Hair 31
Face Accessory,Bandana,Boy_Hair,Hair 32
Face Accessory,Ace Spades,Girl_Hair,Hair 25
Face Accessory,Ace Spades,Boy_Hair,Hair 23
Face Accessory,Ace Spades,Boy_Hair,Hair 26
Face Accessory,Ace Spades,Boy_Hair,Hair 29
Face Accessory,Ace Spades,Boy_Hair,Hair 30
Face Accessory,Ace Spades,Boy_Hair,Hair 31
Face Accessory,Ace Spades,Boy_Hair,Hair 32
Face Accessory,Post it,Girl_Hair,Hair 22
Face Accessory,Bandana,Girl_Hair,Hair 31
Face Accessory,Bandana,Girl_Hair,Hair 39
Face Accessory,Bandana,Girl_Hair,Hair 40
Face Accessory,Bandana,Boy_Hair,Hair 39
Face Accessory,Bandana,Boy_Hair,Hair 42
Face Accessory,Bandana,Boy_Hair,Hair 43
Face Accessory,Bandana,Boy_Hair,Hair 45
Face Accessory,Bandana,Boy_Hair,Hair 46
Face Accessory,Bandana,Boy_Hair,Hair 47
Face Accessory,Bandana,Boy_Hair,Hair 48
Face Accessory,Ace Spades,Girl_Hair,Hair 39
Face Accessory,Ace Spades,Boy_Hair,Hair 39
Face Accessory,Ace Spades,Boy_Hair,Hair 42
Face Accessory,Ace Spades,Boy_Hair,Hair 45
Face Accessory,Ace Spades,Boy_Hair,Hair 46
Face Accessory,Ace Spades,Boy_Hair,Hair 47
Face Accessory,Ace Spades,Boy_Hair,Hair 48
Face Accessory,Post it,Girl_Hair,Hair 36
Girl_Hair,Hair 1,Accessory,Lollipop
Girl_Hair,Hair 2,Accessory,Earring
Girl_Hair,Hair 4,Accessory,Earring
Girl_Hair,Hair 2,Accessory,Bell Earring
Girl_Hair,Hair 4,Accessory,Bell Earring
Girl_Hair,Hair 2,Accessory,Piercing
Girl_Hair,Hair 12,Accessory,Piercing
Girl_Hair,Hair 2,Accessory,Hair Clip
Girl_Hair,Hair 3,Accessory,Hair Clip
Girl_Hair,Hair 6,Accessory,Hair Clip
Girl_Hair,Hair 7,Accessory,Hair Clip
Girl_Hair,Hair 9,Accessory,Hair Clip
Girl_Hair,Hair 10,Accessory,Hair Clip
Girl_Hair,Hair 11,Accessory,Hair Clip
Girl_Hair,Hair 2,Accessory,Headphone 1
Girl_Hair,Hair 3,Accessory,Headphone 1
Girl_Hair,Hair 5,Accessory,Headphone 1
Girl_Hair,Hair 8,Accessory,Headphone 1
Girl_Hair,Hair 9,Accessory,Headphone 1
Girl_Hair,Hair 13,Accessory,Headphone 1
Girl_Hair,Hair 2,Accessory,Headphone 2
Girl_Hair,Hair 3,Accessory,Headphone 2
Girl_Hair,Hair 5,Accessory,Headphone 2
Girl_Hair,Hair 8,Accessory,Headphone 2
Girl_Hair,Hair 9,Accessory,Headphone 2
Girl_Hair,Hair 13,Accessory,Headphone 2
Girl_Hair,Hair 2,Accessory,Headphone 3
Girl_Hair,Hair 3,Accessory,Headphone 3
Girl_Hair,Hair 4,Accessory,Headphone 3
Girl_Hair,Hair 6,Accessory,Headphone 3
Girl_Hair,Hair 8,Accessory,Headphone 3
Girl_Hair,Hair 10,Accessory,Headphone 3
Girl_Hair,Hair 12,Accessory,Headphone 3
Girl_Hair,Hair 13,Accessory,Headphone 3
Girl_Hair,Hair 14,Accessory,Headphone 3
Girl_Hair,Hair 2,Accessory,Flower 1
Girl_Hair,Hair 12,Accessory,Flower 1
Girl_Hair,Hair 2,Accessory,Flower 2
Girl_Hair,Hair 3,Accessory,Flower 2
Girl_Hair,Hair 5,Accessory,Flower 2
Girl_Hair,Hair 7,Accessory,Flower 2
Girl_Hair,Hair 8,Accessory,Flower 2
Girl_Hair,Hair 9,Accessory,Flower 2
Girl_Hair,Hair 12,Accessory,Flower 2
Girl_Hair,Hair 2,Accessory,Flower 3
Girl_Hair,Hair 7,Accessory,Flower 3
Girl_Hair,Hair 9,Accessory,Flower 3
Girl_Hair,Hair 12,Accessory,Flower 3
Girl_Hair,Hair 2,Accessory,Flower 4
Girl_Hair,Hair 6,Accessory,Flower 4
Girl_Hair,Hair 9,Accessory,Flower 4
Girl_Hair,Hair 10,Accessory,Flower 4
Girl_Hair,Hair 11,Accessory,Flower 4
Girl_Hair,Hair 2,Accessory,Gift Bow
Girl_Hair,Hair 3,Accessory,Gift Bow
Girl_Hair,Hair 6,Accessory,Gift Bow
Girl_Hair,Hair 9,Accessory,Gift Bow
Girl_Hair,Hair 10,Accessory,Gift Bow
Girl_Hair,Hair 11,Accessory,Gift Bow
Girl_Hair,Hair 8,Accessory,Horn 1
Girl_Hair,Hair 11,Accessory,Horn 1
Girl_Hair,Hair 2,Accessory,Horn 2
Girl_Hair,Hair 3,Accessory,Horn 2
Girl_Hair,Hair 8,Accessory,Horn 2
Girl_Hair,Hair 11,Accessory,Horn 2
Girl_Hair,Hair 12,Accessory,Horn 2
Girl_Hair,Hair 5,Accessory,Arrow
Girl_Hair,Hair 11,Accessory,Arrow
Girl_Hair,Hair 2,Accessory,Mask 2
Girl_Hair,Hair 3,Accessory,Mask 2
Girl_Hair,Hair 2,Accessory,Egg
Girl_Hair,Hair 3,Accessory,Egg
Girl_Hair,Hair 5,Accessory,Egg
Girl_Hair,Hair 5,Accessory,Top Hat
Girl_Hair,Hair 11,Accessory,Top Hat
Girl_Hair,Hair 2,Accessory,Cap
Girl_Hair,Hair 3,Accessory,Cap
Girl_Hair,Hair 5,Accessory,Cap
Girl_Hair,Hair 8,Accessory,Cap
Girl_Hair,Hair 10,Accessory,Cap
Girl_Hair,Hair 11,Accessory,Cap
Girl_Hair,Hair 12,Accessory,Cap
Girl_Hair,Hair 2,Accessory,Witch Hat
Girl_Hair,Hair 5,Accessory,Witch Hat
Girl_Hair,Hair 8,Accessory,Witch Hat
Girl_Hair,Hair 10,Accessory,Witch Hat
Girl_Hair,Hair 11,Accessory,Witch Hat
Girl_Hair,Hair 5,Accessory,Beret
Girl_Hair,Hair 8,Accessory,Beret
Girl_Hair,Hair 11,Accessory,Beret
Girl_Hair,Hair 2,Accessory,Viking Helmet
Girl_Hair,Hair 5,Accessory,Viking Helmet
Girl_Hair,Hair 8,Accessory,Viking Helmet
Girl_Hair,Hair 10,Accessory,Viking Helmet
Girl_Hair,Hair 11,Accessory,Viking Helmet
Girl_Hair,Hair 5,Accessory,Crown 1
Girl_Hair,Hair 5,Accessory,Crown 2
Girl_Hair,Hair 5,Accessory,Crown 3
Girl_Hair,Hair 2,Accessory,Squirrel
Girl_Hair,Hair 3,Accessory,Squirrel
Girl_Hair,Hair 5,Accessory,Squirrel
Girl_Hair,Hair 8,Accessory,Squirrel
Girl_Hair,Hair 12,Accessory,Squirrel
Girl_Hair,Hair 13,Accessory,Squirrel
Girl_Hair,Hair 2,Accessory,Glasses 1
Girl_Hair,Hair 3,Accessory,Glasses 1
Girl_Hair,Hair 4,Accessory,Glasses 1
Girl_Hair,Hair 5,Accessory,Glasses 1
Girl_Hair,Hair 7,Accessory,Glasses 1
Girl_Hair,Hair 8,Accessory,Glasses 1
Girl_Hair,Hair 9,Accessory,Glasses 1
Girl_Hair,Hair 13,Accessory,Glasses 1
Girl_Hair,Hair 2,Accessory,Glasses 2
Girl_Hair,Hair 3,Accessory,Glasses 2
Girl_Hair,Hair 4,Accessory,Glasses 2
Girl_Hair,Hair 5,Accessory,Glasses 2
Girl_Hair,Hair 7,Accessory,Glasses 2
Girl_Hair,Hair 8,Accessory,Glasses 2
Girl_Hair,Hair 9,Accessory,Glasses 2
Girl_Hair,Hair 11,Accessory,Glasses 2
Girl_Hair,Hair 12,Accessory,Glasses 2
Girl_Hair,Hair 13,Accessory,Glasses 2
Girl_Hair,Hair 2,Accessory,Glasses 3
Girl_Hair,Hair 3,Accessory,Glasses 3
Girl_Hair,Hair 4,Accessory,Glasses 3
Girl_Hair,Hair 5,Accessory,Glasses 3
Girl_Hair,Hair 7,Accessory,Glasses 3
Girl_Hair,Hair 8,Accessory,Glasses 3
Girl_Hair,Hair 9,Accessory,Glasses 3
Girl_Hair,Hair 11,Accessory,Glasses 3
Girl_Hair,Hair 12,Accessory,Glasses 3
Girl_Hair,Hair 13,Accessory,Glasses 3
Girl_Hair,Hair 2,Accessory,Glasses 4
Girl_Hair,Hair 3,Accessory,Glasses 4
Girl_Hair,Hair 4,Accessory,Glasses 4
Girl_Hair,Hair 5,Accessory,Glasses 4
Girl_Hair,Hair 7,Accessory,Glasses 4
Girl_Hair,Hair 8,Accessory,Glasses 4
Girl_Hair,Hair 9,Accessory,Glasses 4
Girl_Hair,Hair 11,Accessory,Glasses 4
Girl_Hair,Hair 12,Accessory,Glasses 4
Girl_Hair,Hair 13,Accessory,Glasses 4
Girl_Hair,Hair 7,Accessory,Monocle
Girl_Hair,Hair 4,Accessory,Necklace 1
Girl_Hair,Hair 8,Accessory,Necklace 1
Girl_Hair,Hair 4,Accessory,Necklace 2
Girl_Hair,Hair 8,Accessory,Necklace 2
Girl_Hair,Hair 4,Accessory,Necklace 3
Girl_Hair,Hair 8,Accessory,Necklace 3
Girl_Hair,Hair 4,Accessory,Necklace 4
Girl_Hair,Hair 8,Accessory,Necklace 4
Girl_Hair,Hair 4,Accessory,Necklace 5
Girl_Hair,Hair 8,Accessory,Necklace 5
Girl_Hair,Hair 4,Accessory,Necklace 6
Girl_Hair,Hair 8,Accessory,Necklace 6
Girl_Hair,Hair 4,Accessory,Necklace 7
Girl_Hair,Hair 8,Accessory,Necklace 7
Girl_Hair,Hair 4,Accessory,Necklace 8
Girl_Hair,Hair 8,Accessory,Necklace 8
Girl_Hair,Hair 4,Accessory,Necklace 9
Girl_Hair,Hair 8,Accessory,Necklace 9
Girl_Face,Girl 1,Mouth,Mouth 13
Girl_Face,Girl 2,Mouth,Mouth 13
Girl_Face,Girl 4,Mouth,Mouth 13
Girl_Face,Girl 5,Mouth,Mouth 13
Girl_Face,Girl 6,Mouth,Mouth 13
Girl_Hair,Hair 15,Accessory,Lollipop
Girl_Hair,Hair 16,Accessory,Earring
Girl_Hair,Hair 18,Accessory,Earring
Girl_Hair,Hair 16,Accessory,Bell Earring
Girl_Hair,Hair 18,Accessory,Bell Earring
Girl_Hair,Hair 16,Accessory,Piercing
Girl_Hair,Hair 26,Accessory,Piercing
Girl_Hair,Hair 16,Accessory,Hair Clip
Girl_Hair,Hair 17,Accessory,Hair Clip
Girl_Hair,Hair 20,Accessory,Hair Clip
Girl_Hair,Hair 21,Accessory,Hair Clip
Girl_Hair,Hair 23,Accessory,Hair Clip
Girl_Hair,Hair 24,Accessory,Hair Clip
Girl_Hair,Hair 25,Accessory,Hair Clip
Girl_Hair,Hair 16,Accessory,Headphone 1
Girl_Hair,Hair 17,Accessory,Headphone 1
Girl_Hair,Hair 19,Accessory,Headphone 1
Girl_Hair,Hair 22,Accessory,Headphone 1
Girl_Hair,Hair 23,Accessory,Headphone 1
Girl_Hair,Hair 27,Accessory,Headphone 1
Girl_Hair,Hair 16,Accessory,Headphone 2
Girl_Hair,Hair 17,Accessory,Headphone 2
Girl_Hair,Hair 19,Accessory,Headphone 2
Girl_Hair,Hair 22,Accessory,Headphone 2
Girl_Hair,Hair 23,Accessory,Headphone 2
Girl_Hair,Hair 27,Accessory,Headphone 2
Girl_Hair,Hair 16,Accessory,Headphone 3
Girl_Hair,Hair 17,Accessory,Headphone 3
Girl_Hair,Hair 18,Accessory,Headphone 3
Girl_Hair,Hair 20,Accessory,Headphone 3
Girl_Hair,Hair 22,Accessory,Headphone 3
Girl_Hair,Hair 24,Accessory,Headphone 3
Girl_Hair,Hair 26,Accessory,Headphone 3
Girl_Hair,Hair 27,Accessory,Headphone 3
Girl_Hair,Hair 28,Accessory,Headphone 3
Girl_Hair,Hair 16,Accessory,Flower 1
Girl_Hair,Hair 26,Accessory,Flower 1
Girl_Hair,Hair 16,Accessory,Flower 2
Girl_Hair,Hair 17,Accessory,Flower 2
Girl_Hair,Hair 19,Accessory,Flower 2
Girl_Hair,Hair 21,Accessory,Flower 2
Girl_Hair,Hair 22,Accessory,Flower 2
Girl_Hair,Hair 23,Accessory,Flower 2
Girl_Hair,Hair 26,Accessory,Flower 2
Girl_Hair,Hair 16,Accessory,Flower 3
Girl_Hair,Hair 21,Accessory,Flower 3
Girl_Hair,Hair 23,Accessory,Flower 3
Girl_Hair,Hair 26,Accessory,Flower 3
Girl_Hair,Hair 16,Accessory,Flower 4
Girl_Hair,Hair 20,Accessory,Flower 4
Girl_Hair,Hair 23,Accessory,Flower 4
Girl_Hair,Hair 24,Accessory,Flower 4
Girl_Hair,Hair 25,Accessory,Flower 4
Girl_Hair,Hair 16,Accessory,Gift Bow
Girl_Hair,Hair 17,Accessory,Gift Bow
Girl_Hair,Hair 20,Accessory,Gift Bow
Girl_Hair,Hair 23,Accessory,Gift Bow
Girl_Hair,Hair 24,Accessory,Gift Bow
Girl_Hair,Hair 25,Accessory,Gift Bow
Girl_Hair,Hair 22,Accessory,Horn 1
Girl_Hair,Hair 25,Accessory,Horn 1
Girl_Hair,Hair 16,Accessory,Horn 2
Girl_Hair,Hair 17,Accessory,Horn 2
Girl_Hair,Hair 22,Accessory,Horn 2
Girl_Hair,Hair 25,Accessory,Horn 2
Girl_Hair,Hair 26,Accessory,Horn 2
Girl_Hair,Hair 19,Accessory,Arrow
Girl_Hair,Hair 25,Accessory,Arrow
Girl_Hair,Hair 16,Accessory,Mask 2
Girl_Hair,Hair 17,Accessory,Mask 2
Girl_Hair,Hair 16,Accessory,Egg
Girl_Hair,Hair 17,Accessory,Egg
Girl_Hair,Hair 19,Accessory,Egg
Girl_Hair,Hair 19,Accessory,Top Hat
Girl_Hair,Hair 25,Accessory,Top Hat
Girl_Hair,Hair 16,Accessory,Cap
Girl_Hair,Hair 17,Accessory,Cap
Girl_Hair,Hair 19,Accessory,Cap
Girl_Hair,Hair 22,Accessory,Cap
Girl_Hair,Hair 24,Accessory,Cap
Girl_Hair,Hair 25,Accessory,Cap
Girl_Hair,Hair 26,Accessory,Cap
Girl_Hair,Hair 16,Accessory,Witch Hat
Girl_Hair,Hair 19,Accessory,Witch Hat
Girl_Hair,Hair 22,Accessory,Witch Hat
Girl_Hair,Hair 24,Accessory,Witch Hat
Girl_Hair,Hair 25,Accessory,Witch Hat
Girl_Hair,Hair 19,Accessory,Beret
Girl_Hair,Hair 22,Accessory,Beret
Girl_Hair,Hair 25,Accessory,Beret
Girl_Hair,Hair 16,Accessory,Viking Helmet
Girl_Hair,Hair 19,Accessory,Viking Helmet
Girl_Hair,Hair 22,Accessory,Viking Helmet
Girl_Hair,Hair 24,Accessory,Viking Helmet
Girl_Hair,Hair 25,Accessory,Viking Helmet
Girl_Hair,Hair 19,Accessory,Crown 1
Girl_Hair,Hair 19,Accessory,Crown 2
Girl_Hair,Hair 19,Accessory,Crown 3
Girl_Hair,Hair 16,Accessory,Squirrel
Girl_Hair,Hair 17,Accessory,Squirrel
Girl_Hair,Hair 19,Accessory,Squirrel
Girl_Hair,Hair 22,Accessory,Squirrel
Girl_Hair,Hair 26,Accessory,Squirrel
Girl_Hair,Hair 27,Accessory,Squirrel
Girl_Hair,Hair 16,Accessory,Glasses 1
Girl_Hair,Hair 17,Accessory,Glasses 1
Girl_Hair,Hair 18,Accessory,Glasses 1
Girl_Hair,Hair 19,Accessory,Glasses 1
Girl_Hair,Hair 21,Accessory,Glasses 1
Girl_Hair,Hair 22,Accessory,Glasses 1
Girl_Hair,Hair 23,Accessory,Glasses 1
Girl_Hair,Hair 27,Accessory,Glasses 1
Girl_Hair,Hair 16,Accessory,Glasses 2
Girl_Hair,Hair 17,Accessory,Glasses 2
Girl_Hair,Hair 18,Accessory,Glasses 2
Girl_Hair,Hair 19,Accessory,Glasses 2
Girl_Hair,Hair 21,Accessory,Glasses 2
Girl_Hair,Hair 22,Accessory,Glasses 2
Girl_Hair,Hair 23,Accessory,Glasses 2
Girl_Hair,Hair 25,Accessory,Glasses 2
Girl_Hair,Hair 26,Accessory,Glasses 2
Girl_Hair,Hair 27,Accessory,Glasses 2
Girl_Hair,Hair 16,Accessory,Glasses 3
Girl_Hair,Hair 17,Accessory,Glasses 3
Girl_Hair,Hair 18,Accessory,Glasses 3
Girl_Hair,Hair 19,Accessory,Glasses 3
Girl_Hair,Hair 21,Accessory,Glasses 3
Girl_Hair,Hair 22,Accessory,Glasses 3
Girl_Hair,Hair 23,Accessory,Glasses 3
Girl_Hair,Hair 25,Accessory,Glasses 3
Girl_Hair,Hair 26,Accessory,Glasses 3
Girl_Hair,Hair 27,Accessory,Glasses 3
Girl_Hair,Hair 16,Accessory,Glasses 4
Girl_Hair,Hair 17,Accessory,Glasses 4
Girl_Hair,Hair 18,Accessory,Glasses 4
Girl_Hair,Hair 19,Accessory,Glasses 4
Girl_Hair,Hair 21,Accessory,Glasses 4
Girl_Hair,Hair 22,Accessory,Glasses 4
Girl_Hair,Hair 23,Accessory,Glasses 4
Girl_Hair,Hair 25,Accessory,Glasses 4
Girl_Hair,Hair 26,Accessory,Glasses 4
Girl_Hair,Hair 27,Accessory,Glasses 4
Girl_Hair,Hair 21,Accessory,Monocle
Girl_Hair,Hair 18,Accessory,Necklace 1
Girl_Hair,Hair 22,Accessory,Necklace 1
Girl_Hair,Hair 18,Accessory,Necklace 2
Girl_Hair,Hair 22,Accessory,Necklace 2
Girl_Hair,Hair 18,Accessory,Necklace 3
Girl_Hair,Hair 22,Accessory,Necklace 3
Girl_Hair,Hair 18,Accessory,Necklace 4
Girl_Hair,Hair 22,Accessory,Necklace 4
Girl_Hair,Hair 18,Accessory,Necklace 5
Girl_Hair,Hair 22,Accessory,Necklace 5
Girl_Hair,Hair 18,Accessory,Necklace 6
Girl_Hair,Hair 22,Accessory,Necklace 6
Girl_Hair,Hair 18,Accessory,Necklace 7
Girl_Hair,Hair 22,Accessory,Necklace 7
Girl_Hair,Hair 18,Accessory,Necklace 8
Girl_Hair,Hair 22,Accessory,Necklace 8
Girl_Hair,Hair 18,Accessory,Necklace 9
Girl_Hair,Hair 22,Accessory,Necklace 9
Mouth,Mouth 2,Accessory,Cigar
Mouth,Mouth 3,Accessory,Cigar
Mouth,Mouth 4,Accessory,Cigar
Mouth,Mouth 5,Accessory,Cigar
Mouth,Mouth 6,Accessory,Cigar
Mouth,Mouth 7,Accessory,Cigar
Mouth,Mouth 8,Accessory,Cigar
Mouth,Mouth 9,Accessory,Cigar
Mouth,Mouth 11,Accessory,Cigar
Mouth,Mouth 12,Accessory,Cigar
Mouth,Mouth 13,Accessory,Cigar
Mouth,Mouth 2,Accessory,Cigarette
Mouth,Mouth 3,Accessory,Cigarette
Mouth,Mouth 4,Accessory,Cigarette
Mouth,Mouth 5,Accessory,Cigarette
Mouth,Mouth 6,Accessory,Cigarette
Mouth,Mouth 7,Accessory,Cigarette
Mouth,Mouth 8,Accessory,Cigarette
Mouth,Mouth 10,Accessory,Cigarette
Mouth,Mouth 11,Accessory,Cigarette
Mouth,Mouth 12,Accessory,Cigarette
Mouth,Mouth 13,Accessory,Cigarette
Mouth,Mouth 2,Accessory,Gum
Mouth,Mouth 3,Accessory,Gum
Mouth,Mouth 4,Accessory,Gum
Mouth,Mouth 5,Accessory,Gum
Mouth,Mouth 6,Accessory,Gum
Mouth,Mouth 7,Accessory,Gum
Mouth,Mouth 8,Accessory,Gum
Mouth,Mouth 9,Accessory,Gum
Mouth,Mouth 10,Accessory,Gum
Mouth,Mouth 11,Accessory,Gum
Mouth,Mouth 12,Accessory,Gum
Mouth,Mouth 2,Accessory,Lollipop
Mouth,Mouth 3,Accessory,Lollipop
Mouth,Mouth 4,Accessory,Lollipop
Mouth,Mouth 5,Accessory,Lollipop
Mouth,Mouth 6,Accessory,Lollipop
Mouth,Mouth 7,Accessory,Lollipop
Mouth,Mouth 8,Accessory,Lollipop
Mouth,Mouth 9,Accessory,Lollipop
Mouth,Mouth 10,Accessory,Lollipop
Mouth,Mouth 11,Accessory,Lollipop
Mouth,Mouth 12,Accessory,Lollipop
Nose,Nose 1,Accessory,Glasses 1
Nose,Nose 2,Accessory,Glasses 1
Nose,Nose 3,Accessory,Glasses 1
Nose,Nose 4,Accessory,Glasses 1
Nose,Nose 1,Accessory,Glasses 2
Nose,Nose 2,Accessory,Glasses 2
Nose,Nose 3,Accessory,Glasses 2
Nose,Nose 1,Accessory,Glasses 3
Nose,Nose 2,Accessory,Glasses 3
Nose,Nose 3,Accessory,Glasses 3
Nose,Nose 1,Accessory,Glasses 4
Nose,Nose 2,Accessory,Glasses 4
Nose,Nose 3,Accessory,Glasses 4